Huang,Prien,prien.h@outlook.com
Yang,Andrew,andrew.y@gmail.com
Xue,Farnleitner,farnleitner.x@hotmail.com
Yang,Boese,boese.y@foxmail.com
Yang,Aranda,aranda.y@umich.edu
Shi,Bruce,bruce.s@sjtu.edu.cn
Wang,Antonik,antonik.w@gmail.com
Yang,Bruce,bruce.y@foxmail.com
Yang,Cindy,cindy.y@sjtu.edu.cn
Zhang,Tom,tom.z@sjtu.edu.cn
Zhang,Antonik,antonik.z@foxmail.com
Xue,Anthony,anthony.x@sjtu.edu.cn
Shi,Moeyens,moeyens.s@hotmail.com
Gong,Chambers,chambers.g@gmail.com
Yang,Cindy,cindy.y@outlook.com
Zhang,Alice,alice.z@gmail.com
Zhang,Page,page.z@sjtu.edu.cn
Lu,Antonik,antonik.l@hotmail.com
Wang,Maharaj,maharaj.w@hotmail.com
Wu,Tom,tom.w@umich.edu
